name,price,secondaryPrice,markupPercent,description,estimatedTimeHours
Install Satellite Dish,17400,16100,23.2843,,2.8
Replace Existing Aerial,6900,5700,13.3053,,1.1
Install Loft TV Aerial,11400,10100,21.0623,,1.8
Install External TV Aerial,24400,23100,23.6842,,4
Refrigerant top‑up (labour only),7400,6200,20.3081,,1.1
AC servicing (1 unit),12900,11600,24.1667,,2
Refrigerant leak test (1 system),13400,12100,23.5247,,2.1
Deep clean & coil sanitisation (1 unit),17900,16600,22.8351,,2.9
AC servicing (2 units),21400,20100,26.0736,,3.4
AC servicing (3 units),29400,28100,25.0737,,4.8
AC servicing (4 units),37400,36100,26.2156,,6.1
AC servicing (5 units),45400,44100,26.9679,,7.4
Battery-Powered Fire Alarm,8400,7100,26.0417,,1.2
Wired Fire Alarm System,14400,13200,18.3616,,2.4
Domestic Fire Alarm Service (Up to 10 devices),8400,7200,18.8564,,1.3
Commercial Fire Alarm Service (Up to 15 devices),11400,10100,21.0623,,1.8
Other Appliance Repair,12400,11100,24.8691,,1.9
Washing Machine Repair (Freestanding),12400,11100,24.8691,,1.9
Tumble Dryer Repair (Freestanding),12400,11100,24.8691,,1.9
Dishwasher Repair (Freestanding),12400,11100,24.8691,,1.9
Fridge / Freezer Repair (Freestanding),12400,11100,24.8691,,1.9
Cooker Repair (Freestanding),12400,11100,24.8691,,1.9
Electric / Induction Hob Repair,12400,11100,24.8691,,1.9
Microwave Repair,12400,11100,24.8691,,1.9
Vacuum Repair,12400,11100,24.8691,,1.9
Washing Machine Repair (Integrated),13400,12100,23.5247,,2.1
Tumble Dryer Repair (Integrated),13400,12100,23.5247,,2.1
Dishwasher Repair (Integrated),13400,12100,23.5247,,2.1
Fridge / Freezer Repair (Integrated),13400,12100,23.5247,,2.1
Oven Repair,13400,12100,23.5247,,2.1
Air Conditioning Repair,13400,12100,23.5247,,2.1
Gas Boiler Service,9400,8200,14.3392,,1.56
Burglar Alarm Service (Up to 6 Zones),9400,8100,23.9726,,1.4
Burglar Alarm Service (7-12 Zones),14400,13100,22.3935,,2.3
Hang a Barn Door,18400,17200,19.2308,,3.1
Cat flap install in uPVC door,13000,11700,25,,2
Cat flap install in wooden door,13000,11700,25,,2
Hang a Concealed Hinge Door,31400,30200,18.2848,,5.5
Install Architrave (per door side),6900,5600,21.2121,,1
Hang an Internal Door,12900,11500,29.2321,,1.9
Hang an Offset Pivot Door,18400,17200,19.2308,,3.1
Sand and Repaint a Door,15900,14600,28.9548,,2.4
Repair Door Trim,9900,8500,29.6804,,1.4
Replace Door Frame,18900,17600,28.7663,,2.9
Hang a Solid Core Door,18900,17600,28.7663,,2.9
Assemble a Standing Desk,5900,4800,6.0606,,1
Assemble a Charcoal Kettle BBQ Grill,5900,4800,6.0606,,1
Assemble a Gas BBQ Grill (2-3 burners),9400,8000,31.0219,,1.3
Assemble a Gas BBQ Grill (4-6 burners),10900,9600,27.439,,1.6
Assemble a Bed (Double),6400,5200,13.6364,,1
Assemble a Bed (King),6900,5600,21.2121,,1
Assemble a Bed (Single),5900,4800,6.0606,,1
Assemble a Storage Bed (Single),8900,7600,24.9392,,1.3
Assemble a Storage Bed (Double),9900,8500,29.6804,,1.4
Assemble a Storage Bed (King),10900,9600,27.439,,1.6
Assemble a 2-Drawer Chest,5900,4800,6.0606,,1
Assemble a 3-Drawer Chest,7900,6600,27.3109,,1.1
Assemble a 4-Drawer Chest,9900,8500,29.6804,,1.4
Assemble a 5-Drawer Chest,11900,10600,25.641,,1.8
Assemble a 6-Drawer Chest,13900,12600,27.512,,2.1
Assemble a Coffee Table,5900,4800,6.0606,,1
Assemble a Cube Storage Unit (Up To 6 Cubes),5900,4800,6.0606,,1
Assemble a Cube Storage Unit (Up To 12 Cubes),7900,6600,27.3109,,1.1
Assemble a Cube Storage Unit (Over 12 Cubes),8900,7600,24.9392,,1.3
Assemble 1-4 Dining Chairs,5900,4800,6.0606,,1
Assemble 5-6 Dining Chairs,6400,5200,13.6364,,1
Assemble 7-8 Dining Chairs,7400,6200,20.3081,,1.1
Assemble a Dining Table (up to 6 Seats),5900,4800,6.0606,,1
Assemble a Dining Table (up to 12 Seats),7900,6700,19.5313,,1.2
Assemble a Filing Cabinet,6900,5600,21.2121,,1
Assemble a Bookcase (less than 1m wide),5900,4800,6.0606,,1
Assemble a Bookcase (more than 1m wide),7900,6600,27.3109,,1.1
Assemble a Flat-Pack Cabinet (less than 1m wide),6900,5600,21.2121,,1
Assemble a Flat-Pack Cabinet (more than 1m wide),8900,7600,24.9392,,1.3
Assemble a Sofa (2-3 seats),5900,4800,6.0606,,1
Assemble a Sofa (sectional / L-shape),6900,5600,21.2121,,1
Assemble a Sofa Bed,6900,5600,21.2121,,1
Assemble a Shelving Unit (more than 1m Wide),5900,4800,6.0606,,1
Assemble a Shelving Unit (less than 1m Wide),7900,6600,27.3109,,1.1
Assemble a Garden Bench,5900,4800,6.0606,,1
Assemble a Garden Table,5900,4800,6.0606,,1
Wardrobe (less than 1.5m wide) with hinge doors,12400,11000,30.2198,,1.8
Wardrobe (more than 1.5m wide) with hinge doors,19400,18100,28.1609,,3
Built-in Wardrobe (less than 1.5m wide) with hinge doors,19400,18100,28.1609,,3
Built-in Wardrobe (more than 1.5m wide) with hinge doors,24400,23100,29.0055,,3.8
Assemble a Hospital Bed,11900,10600,25.641,,1.8
Assemble an Office Chair,5900,4800,6.0606,,1
Assemble an Office Desk (up to 1.5m wide),5900,4800,6.0606,,1
Assemble an Office Desk (more than 1.5m wide),7900,6600,27.3109,,1.1
Assemble a Corner Desk,8900,7500,32.5521,,1.2
Assemble an Ottoman Storage,8900,7600,24.9392,,1.3
Assemble a Patio Set (table and chairs),8900,7600,24.9392,,1.3
Assemble a Recliner Chair,6900,5600,21.2121,,1
Assemble a Side Table,5900,4800,6.0606,,1
Wardrobe (less than 1.5m wide) with sliding doors,15400,13900,39.4737,,2.1
Built-in Wardrobe (less than 1.5m wide) with sliding doors,22400,21100,28.1095,,3.5
Wardrobe (more than 1.5m wide) with sliding doors,22400,21100,28.1095,,3.5
Built-in Wardrobe (more than 1.5m wide) with sliding doors,27400,26100,28.8698,,4.3
Assemble a Swing Seat,5900,4800,6.0606,,1
Assemble a TV Stand,5900,4800,6.0606,,1
Disassemble a Standing Desk,5900,4800,6.0606,,1
Disassemble a Charcoal Kettle BBQ Grill,5900,4800,6.0606,,1
Disassemble a Gas BBQ Grill (2-3 burners),6400,5200,13.6364,,1
Disassemble a Gas BBQ Grill (4-6 burners),7400,6200,20.3081,,1.1
Disassemble a Bed (Double),5900,4800,6.0606,,1
Disassemble a Bed (King),5900,4800,6.0606,,1
Disassemble a Bed (Single),5900,4800,6.0606,,1
Disassemble a Storage Bed (Double),6900,5600,21.2121,,1
Disassemble a Storage Bed (Single),5900,4800,6.0606,,1
Disassemble a Storage Bed (King),7400,6200,20.3081,,1.1
Disassemble a 2-Drawer Chest,5900,4800,6.0606,,1
Disassemble a 3-Drawer Chest,5900,4800,6.0606,,1
Disassemble a 4-Drawer Chest,6900,5600,21.2121,,1
Disassemble a 5-Drawer Chest,7900,6700,19.5313,,1.2
Disassemble a 6-Drawer Chest,9400,8100,23.9726,,1.4
Disassemble a Coffee Table,5900,4800,6.0606,,1
Disassemble a Cube Storage Unit (Over 12 Cubes),5900,4800,6.0606,,1
Disassemble a Cube Storage Unit (Up To 12 Cubes),5900,4800,6.0606,,1
Disassemble a Cube Storage Unit (Up To 6 Cubes),5900,4800,6.0606,,1
Disassemble 1-4 Dining Chairs,5900,4800,6.0606,,1
Disassemble 5-6 Dining Chairs,5900,4800,6.0606,,1
Disassemble 7-8 Dining Chairs,5900,4800,6.0606,,1
Disassemble a Dining Table (up to 6 Seats),5900,4800,6.0606,,1
Disassemble a Dining Table (up to 12 Seats),5900,4800,6.0606,,1
Disassemble a Filing Cabinet,5900,4800,6.0606,,1
Disassemble a Bookcase (less than 1m wide),5900,4800,6.0606,,1
Disassemble a Bookcase (more than 1m wide),5900,4800,6.0606,,1
Disassemble a Flat-Pack Cabinet (less than 1m wide),5900,4800,6.0606,,1
Disassemble a Flat-Pack Cabinet (more than 1m wide),5900,4800,6.0606,,1
Disassemble a Sofa (2-3 seats),5900,4800,6.0606,,1
Disassemble a Sofa (sectional / L-shape),5900,4800,6.0606,,1
Disassemble a Sofa Bed,5900,4800,6.0606,,1
Disassemble a Shelving Unit (more than 1m Wide),5900,4800,6.0606,,1
Disassemble a Shelving Unit (less than 1m Wide),5900,4800,6.0606,,1
Disassemble a Garden Bench,5900,4800,6.0606,,1
Disassemble a Garden Table,5900,4800,6.0606,,1
Wardrobe (less than 1.5m wide) with hinge doors,8400,7100,26.0417,,1.2
Wardrobe (more than 1.5m wide) with hinge doors,13400,12100,28.3333,,2
Built-in Wardrobe (less than 1.5m wide) with hinge doors,13400,12100,28.3333,,2
Built-in Wardrobe (more than 1.5m wide) with hinge doors,16900,15600,27.5591,,2.6
Disassemble a Hospital Bed,7900,6700,19.5313,,1.2
Disassemble an Office Chair,5900,4800,6.0606,,1
Disassemble a Corner Desk,5900,4800,6.0606,,1
Disassemble an Office Desk (up to 1.5m wide),5900,4800,6.0606,,1
Disassemble an Office Desk (more than 1.5m wide),5900,4800,6.0606,,1
Disassemble an Ottoman Storage,5900,4800,6.0606,,1
Disassemble a Patio Set (table and chairs),5900,4800,6.0606,,1
Disassemble a Recliner Chair,5900,4800,6.0606,,1
Disassemble a Side Table,5900,4800,6.0606,,1
Wardrobe (less than 1.5m wide) with sliding doors,10400,9000,35.3881,,1.4
Built-in Wardrobe (less than 1.5m wide) with sliding doors,15400,14100,25.4237,,2.4
Wardrobe (more than 1.5m wide) with sliding doors,15400,14100,25.4237,,2.4
Built-in Wardrobe (more than 1.5m wide) with sliding doors,18900,17600,28.7663,,2.9
Disassemble a Swing Seat,5900,4800,6.0606,,1
Disassemble a TV Stand,5900,4800,6.0606,,1
Stair Repairs - Single Step,7400,6100,28.7879,,1
Power Flush (Up to 6 radiators),54400,53200,17.184,,9.8
Power Flush (7 - 12 radiators),74400,73200,19.3157,,13.2
Power Flush (13 - 18 radiators),84400,83200,16.7141,,15.4
System Balancing (Up to 6 radiators),12400,11200,20,,2
System Balancing (7 - 12 radiators),19400,18100,24.8049,,3.1
System Balancing (13 - 18 radiators),27400,26100,24.1176,,4.5
Full Gas Central Heating Service,17400,16100,23.2843,,2.8
Install a new Wireless Thermostat,9400,8100,23.9726,,1.4
Replace a Wireless Thermostat,11400,10100,21.0623,,1.8
Charcoal kettle BBQ,4900,3700,15.0602,,0.7
Gas BBQ (2–3 burners),6900,5600,21.2121,,1
Gas BBQ (4–6 burners),9900,8600,23.1183,,1.5
Carpet Cleaning (1 room),7400,6200,20.3081,,1.1
Carpet Cleaning (2 rooms),11400,10100,21.0623,,1.8
"Single Freezer Clean (Small, under the counter)",3900,2700,16.6667,,0.5
Single Freezer Clean (Large/tall),5400,4100,25.1004,,0.7
Chest Freezer Clean,5400,4100,25.1004,,0.7
Single Fridge Clean (Large/tall),5400,4100,25.1004,,0.7
American Style Fridge Freezer Clean,6400,5100,22.2772,,0.9
"Single Fridge Clean (Small, under the counter)",3900,2700,16.6667,,0.5
Fridge Freezer Clean (Standard),5400,4100,25.1004,,0.7
Domestic cooker hood – cosmetic cleaning,2900,1700,19.5035,,0.3
Domestic cooker hood – deep cleaning,6900,5500,30.5281,,0.9
Commercial canopy & filter clean (up to 2m),17700,16400,21.6489,,2.9
Commercial canopy & duct clean (up to 5m run),29400,28100,22.9573,,4.9
2-oven AGA,9900,8600,23.1183,,1.5
3-oven AGA,11400,10100,21.0623,,1.8
4-oven AGA,12400,11200,20,,2
Single Oven,6400,5200,13.6364,,1
Single Oven + Hob,8400,7100,26.0417,,1.2
Double Oven,9400,8000,31.0219,,1.3
Single Oven + Hob + Extractor,10400,9100,22.3577,,1.6
Double Oven + Hob,11400,10100,26.4933,,1.7
Range Cooker,11900,10600,25.641,,1.8
Double Oven + Hob + Extractor,12900,11600,24.1667,,2
Range Cooker + Hob,13900,12600,27.512,,2.1
Range Cooker + Hob + Extractor,15900,14600,28.9548,,2.4
Delicate rug hand clean (silk/wool) – small (up to 1.5m x 1m),7900,6700,19.5313,,1.2
Delicate rug hand clean (silk/wool) – medium (up to 2m x 1.5m),12400,11100,24.8691,,1.9
Delicate rug hand clean (silk/wool) – large (greater than 2m x 1.5m),15900,14600,24.8299,,2.5
Rug cleaning – small (up to 1.5m x 1m),3400,2200,17.8571,,0.4
Rug cleaning – medium (up to 2m x 1.5m),4900,3700,15.0602,,0.7
Rug cleaning – large (greater than 2m x 1.5m),7400,6200,20.3081,,1.1
"Septic Tank Emptying (Up to 1,000 gallons)",17400,16200,19.8695,,2.9
"Septic Tank Emptying (Up to 2,000 gallons)",27900,26700,17.5343,,4.9
"Septic Tank Emptying (Up to 3,000 gallons)",49400,48200,14.7994,,9.1
Footstool Cleaning,5900,4800,6.0606,,1
Armchair Cleaning,7400,6200,20.3081,,1.1
2-Seater Sofa Cleaning,7400,6200,20.3081,,1.1
"Domestic wheelie bin clean (1 bin, 120–360L)",1900,600,25.8621,,0.1
"Commercial bin clean (1 bin, 660–1100L)",3400,2200,17.8571,,0.4
Terraced House - Up to 10 Windows - Outside only,3400,2400,3.8462,,0.5
Terraced House - Up to 10 Windows - Inside only,3400,2400,3.8462,,0.5
Semi-detached House - Up to 10 Windows - Outside only,4400,3200,15.7658,,0.6
Semi-detached House - Up to 10 Windows - Inside only,4400,3200,15.7658,,0.6
Terraced House - 11 to 15 Windows - Outside only,5400,4200,14.4928,,0.8
Terraced House - 11 to 15 Windows - Inside only,5400,4200,14.4928,,0.8
Detached House - Up to 10 Windows - Outside only,5400,4200,14.4928,,0.8
Detached House - Up to 10 Windows - Inside only,4900,3800,5.4348,,0.8
Terraced House - Up to 10 Windows - Outside & Inside,6900,5600,21.2121,,1
Semi-detached House - 11 to 15 Windows - Outside only,6900,5600,21.2121,,1
Semi-detached House - 11 to 15 Windows - Inside only,6900,5600,21.2121,,1
Terraced House - 16 to 20 Windows - Outside only,7400,6200,20.3081,,1.1
Terraced House - 16 to 20 Windows - Inside only,7400,6200,20.3081,,1.1
Detached House - 11 to 15 Windows - Inside only,6900,5700,13.3053,,1.1
Semi-detached House - 16 to 20 Windows - Inside only,7900,6700,19.5313,,1.2
Semi-detached House - Up to 10 Windows - Outside & Inside,8900,7600,24.9392,,1.3
Detached House - 11 to 15 Windows - Outside only,8400,7200,18.8564,,1.3
Terraced House - >20 Windows - Outside only,9400,8100,23.9726,,1.4
Terraced House - >20 Windows - Inside only,9400,8100,23.9726,,1.4
Semi-detached House - 16 to 20 Windows - Outside only,8900,7700,18.2648,,1.4
Detached House - 16 to 20 Windows - Inside only,9400,8100,23.9726,,1.4
Semi-detached House - >20 Windows - Inside only,9400,8200,17.7419,,1.5
Terraced House - 11 to 15 Windows - Outside & Inside,10400,9100,22.3577,,1.6
Detached House - Up to 10 Windows - Outside & Inside,10400,9100,22.3577,,1.6
Detached House - 16 to 20 Windows - Outside only,11400,10100,21.0623,,1.8
Semi-detached House - >20 Windows - Outside only,11400,10200,16.1431,,1.9
Semi-detached House - 11 to 15 Windows - Outside & Inside,12400,11200,20,,2
Detached House - >20 Windows - Inside only,12900,11700,19.5375,,2.1
Terraced House - 16 to 20 Windows - Outside & Inside,13900,12600,22.9358,,2.2
Detached House - >20 Windows - Outside only,13900,12700,18.7225,,2.3
Detached House - 11 to 15 Windows - Outside & Inside,15400,14100,21.4286,,2.5
Terraced House - >20 Windows - Outside & Inside,16900,15700,20.2206,,2.8
Semi-detached House - 16 to 20 Windows - Outside & Inside,16400,15200,17.1569,,2.8
Semi-detached House - >20 Windows - Outside & Inside,19400,18100,21.645,,3.2
Detached House - 16 to 20 Windows - Outside & Inside,21400,20100,26.0736,,3.4
Detached House - >20 Windows - Outside & Inside,23400,22200,16.9237,,4.1
Basic Unblocking (rodding/snaking),8900,7600,24.9392,,1.3
Drain Jetting,19400,18100,24.8049,,3.1
Combined Rodding & Jetting Service,26400,25100,22.4359,,4.4
EICR – Studio/1‑bed Flat (up to 8 circuits),12400,11100,24.8691,,1.9
EICR – 2 Bed Property (up to 8 circuits),15400,14100,21.4286,,2.5
EICR – 3 Bed Property (up to 10 circuits),18400,17100,25.8007,,2.9
EICR – 4 Bed Property (up to 12 circuits),21400,20100,26.0736,,3.4
EICR – Up to 6 Bed Property (up to 14 circuits),25400,24100,23.0318,,4.2
Fire Risk Assessment - Small HMO (3-4 Lettings),22400,21200,17.2956,,3.9
Fire Risk Assessment - Medium HMO (5-6 Lettings),26400,25200,18.0492,,4.6
Fire Risk Assessment - Large HMO (7-10 Lettings),32400,31200,17.98,,5.7
Fire Risk Assessment (Studio / 1-Bed Flat),9400,8300,12.1951,,1.6
Fire Risk Assessment (2-Bed Flat),11400,10200,16.1431,,1.9
Fire Risk Assessment (3-Bed Flat),13400,12200,15.0514,,2.3
Fire Risk Assessment (>3-Bed Flat),15400,14200,17.7165,,2.6
Fire Risk Assessment (1-2 Bed House),12400,11300,11.4679,,2.2
Fire Risk Assessment (3 Bed House),14400,13200,14.6259,,2.5
Fire Risk Assessment (4 Bed House),16400,15200,17.1569,,2.8
Fire Risk Assessment (5+ Bed House),18400,17200,19.2308,,3.1
Garden Clearance (per hour),8400,7100,26.0417,,1.2
Small Garden Clearance (up to 50m²),24400,23100,23.6842,,4
Medium Garden Clearance (50m² - 100m²),34400,33200,19.0476,,6
Large Garden Clearance (100m² - 250m²),59400,58100,21.2073,,10.3
Small Hedge Removal (up to 4m),16900,15600,23.7643,,2.7
Large Hedge Removal (Over 4m),31900,30600,25.6148,,5.2
Hedge Trimming (1 hour),8400,7200,18.8564,,1.3
Hedge Trimming (2 hours),15900,14600,20.9974,,2.6
Gas Safety Check (CP12) - 1 appliance,7400,6200,13.0208,,1.2
Gas Safety Check (CP12) - 2 appliances,8400,7200,12.5571,,1.4
Gas Safety Check (CP12) - 3 appliances,9400,8300,12.1951,,1.6
Gas Safety Check (CP12) - 4 appliances,10400,9300,11.9048,,1.8
Minor Bed Repair,7400,6100,28.7879,,1
Repair a Cabinet Hinge,6900,5600,21.2121,,1
Repair single door hinge (2-3 hinges),10400,9100,28.4946,,1.5
Repair double door hinge (4-6 hinges),13900,12600,25.1756,,2.15
Replace cabinet door,5900,4800,6.0606,,1
Replace 2 cabinet doors,7900,6600,27.3109,,1.1
Replace 3 cabinet doors,9900,8600,23.1183,,1.5
Replace 4 cabinet doors,11900,10600,25.641,,1.8
Replace 5 cabinet doors,13900,12600,27.512,,2.1
Replace cabinet Drawer,5900,4800,6.0606,,1
Replace 2 cabinet Drawers,7900,6600,27.3109,,1.1
Replace 3 cabinet Drawers,9900,8600,23.1183,,1.5
Replace 4 cabinet Drawers,11900,10600,25.641,,1.8
Replace 5 cabinet Drawers,13900,12600,27.512,,2.1
Adjust a Door Hinge,6900,5600,21.2121,,1
Repair single door hinge (2-3 hinges),10400,9100,28.4946,,1.5
Replace double door hinge (4-6 hinges),13900,12600,25.1756,,2.15
Adjust & Realign Bifold Doors,9900,8700,17.2764,,1.6
Roller/Hinge Replacement,16400,15200,17.1569,,2.8
Adjust a Door Hinge,6900,5600,21.2121,,1
Fit New Adjustable Closer,8400,7100,26.0417,,1.2
Adjust & Realign French Doors,11900,10700,20.5061,,1.9
Door Latch Repair,6900,5600,21.2121,,1
Rehand a Misaligned Single Door,12900,11500,29.2321,,1.9
Replace a Door Knob,6900,5600,21.2121,,1
Replace 2 handles/knobs,11900,10600,25.641,,1.8
Replace 3 handles/knobs,15900,14600,28.9548,,2.4
Replace a Door Hinge,9900,8500,29.6804,,1.4
Replace single door hinge (2-3 hinges),10400,9100,28.4946,,1.5
Replace double door hinge (4-6 hinges),13900,12600,25.1756,,2.15
uPVC Door Seal Repair,6900,5600,21.2121,,1
uPVC Door Frame Realignment,9400,8100,23.9726,,1.4
uPVC Glass Unit Replacement,10400,9100,22.3577,,1.6
Drain Repair,13400,12100,23.5247,,2.1
Electrical Repairs - Replace Single Light Fixture,11900,10600,28.4038,,1.75
Electrical Repairs - Replace 2 Light Fixture,15900,14600,24.8299,,2.5
Electrical Repairs - Replace 3 Light Fixture,18900,17600,25.2874,,3
Electrical Repairs - Replace 4 Light Fixture,21900,20600,25.6219,,3.5
Electrical Repairs - Replace up to 5 Lightbulbs,6900,5600,21.2121,,1
Replace a Single Light Switch,10400,9100,28.4946,,1.5
Electrical Repairs - Replace Plug Socket Faceplate,7400,6100,28.7879,,1
Fix uPVC door lock,10400,9100,28.4946,,1.5
General Repairs - Fix Window Lock,10400,9100,28.4946,,1.5
Handyperson for half day (3.5 hours),18500,17300,19.7882,,3.1
Handyperson for the day (7 hours),34500,33300,19.3452,,6
Heating Maintenance - Bleed Single Radiator,7400,6100,28.7879,,1
Heating Maintenance - Bleed Up to 5 Radiators,10400,9100,28.4946,,1.5
Heating Maintenance - Bleed Up to 10 Radiators,15900,14600,24.8299,,2.5
Heating Maintenance - Bleed Up To 20 Radiators,24900,23600,25.8772,,4
Heating Maintenance - Check & Balance Radiators,12900,11600,24.1667,,2
Heating Maintenance - Refill Boiler Pressure,7400,6100,28.7879,,1
Plasterboard Repairs - Small Hole (Up To 10cm),7400,6100,28.7879,,1
Plasterboard Repairs - Medium Hole (Up To 30cm),10400,9100,28.4946,,1.5
Plasterboard Repairs - Large Hole (Up To 50cm),12900,11600,24.1667,,2
Reseal - Sink Only,8400,7100,26.0417,,1.2
Reseal - Bath Only,8900,7600,24.9392,,1.3
Reseal - Shower Only,10900,9600,27.439,,1.6
Reseal - Bath & Sink,11900,10600,25.641,,1.8
Reseal - Shower & Sink,12900,11600,24.1667,,2
Reseal - Bath & Shower,15900,14600,24.8299,,2.5
"Reseal - Bath, Shower & Sink",18900,17600,25.2874,,3
Plumbing Repairs - Dripping Shower Head,7400,6100,28.7879,,1
Plumbing Repairs - Fix Shower Basin Leak,12900,11600,24.1667,,2
Plumbing Repairs - Radiator Installation,18900,17600,25.2874,,3
Plumbing Repairs - Shower Head Installation,7400,6100,28.7879,,1
Plumbing Repairs - New Sink Installation,15900,14600,24.8299,,2.5
Plumbing Repairs - Outdoor Tap Installation,15900,14600,24.8299,,2.5
Plumbing Repairs - Radiator Leak Repair,10400,9100,28.4946,,1.5
Plumbing Repairs - Repair Leaking Tap,10400,9100,28.4946,,1.5
Plumbing Repairs - Toilet Leak Repair,12900,11600,24.1667,,2
Plumbing Repairs - Bathroom Vanity Replacement,15900,14600,24.8299,,2.5
Plumbing Repairs - Shower Hose Replacement,7400,6100,28.7879,,1
Plumbing Repairs - Replace Sink Stopper,7400,6100,28.7879,,1
Plumbing Repairs - Replace Kitchen Tap,10400,9100,28.4946,,1.5
Plumbing Repairs - Replace Bathroom Tap,10400,9100,28.4946,,1.5
Toilet Seat Replacement,7400,6100,28.7879,,1
Paint & Repair Single Wall (Up to 10m²),19400,18100,28.1609,,3
Wall Repairs - Small Crack (Up To 10cm),7400,6100,28.7879,,1
Wall Repairs - Large Crack (Up To 50cm),12900,11600,24.1667,,2
Window Repairs - Single Handle Replacement,10400,9100,28.4946,,1.5
Standard single window reseal,7400,6100,28.7879,,1
Large single window reseal,10400,9100,28.4946,,1.5
Two window reseal,12900,11600,24.1667,,2
Three windows reseal,15900,14600,24.8299,,2.5
Mini Skip (2-3 yard) - 1-2 weeks,15400,14200,17.7165,,2.6
Mini Skip (2-3 yard) - Up to 4 weeks,21900,20600,22.7713,,3.6
Midi Skip (4-5 yard) - 1-2 weeks,26400,25100,24.7748,,4.3
Builder Skip (6-8 yard) - 1-2 weeks,35400,34200,20.3574,,6.1
Midi Skip (4-5 yard) - Up to 4 weeks,35400,34200,18.7428,,6.2
Maxi Skip (10-12 yard) - 1-2 weeks,47400,46100,22.1406,,8.1
Builder Skip (6-8 yard) - Up to 4 weeks,50400,49100,21.2744,,8.7
Large Skip (14-16 yard) - 1-2 weeks,60400,59200,19.0743,,10.7
Maxi Skip (10-12 yard) - Up to 4 weeks,66400,65100,21.564,,11.5
Large Skip (14-16 yard) - Up to 4 weeks,86400,85100,21.7762,,15
Replacing a rim cylinder lock,8900,7700,18.2648,,1.4
Replacing a garage door lock,9900,8700,17.2764,,1.6
Euro Cylinder (standard),10400,9200,16.8593,,1.7
Replacing a night latch,11400,10200,16.1431,,1.9
Replacing a patio door lock,11400,10200,16.1431,,1.9
High Security Anti-Snap Lock,14400,13100,22.3935,,2.3
Motice lock (deadlock or sashlock),15400,14100,21.4286,,2.5
Digital Smart Door Lock Installation,16400,15200,20.5957,,2.7
Internal door lock re-keying,4900,3700,15.0602,,0.7
UPVC door lock re-keying,6400,5200,13.6364,,1
Patio door lock re-keying,7900,6700,19.5313,,1.2
UPVC window lock re-keying,5900,4700,14.0264,,0.9
Internal Door Lock Rpair (Bedroom/Bathroom),7400,6200,20.3081,,1.1
Front or Back Door Lock Repair,9400,8100,23.9726,,1.4
uPVC Door Lock Repair,9400,8100,23.9726,,1.4
Lifting (1 man - 1 hour),6400,5100,22.2772,,0.9
Lifting (1 man - 2 hour),11400,10100,21.0623,,1.8
Lifting (1 man - 3 hour),17400,16200,19.8695,,2.9
Lifting (2 men - 1 hour),17400,16200,19.8695,,2.9
Lifting (2 men - 2 hours),25400,24200,18.4295,,4.4
Small Van (1 Hour),6400,5100,22.2772,,0.9
Medium Van (2 Hours),11400,10100,21.0623,,1.8
Large Van (3 Hours),17400,16200,19.8695,,2.9
Medium Van (2 Hours),17400,16200,19.8695,,2.9
Large Van (3 Hours),25400,24200,18.4295,,4.4
Install Replacement Dishwasher (Freestanding),12900,11600,24.1667,,2
Install Replacement Dishwasher (Integrated),12900,11600,24.1667,,2
Install Replacement Under-Counter Fridge (Freestanding),10400,9100,28.4946,,1.5
Install Replacement Under-Counter Fridge (Integrated),10400,9100,28.4946,,1.5
Install Replacement Tall Fridge Freezer (Freestanding),12900,11600,24.1667,,2
Install Replacement Tall Fridge Freezer (Integrated),12900,11600,24.1667,,2
Install Replacement Tumble Dryer (Freestanding),12900,11600,24.1667,,2
Install Replacement Washer Dryer Combo (Integrated),12900,11600,24.1667,,2
Install Replacement Washing Machine (Freestanding),12900,11600,24.1667,,2
Install Replacement Washing Machine (Integrated),12900,11600,24.1667,,2
Bathroom Accessories - Shower Caddy,7400,6100,28.7879,,1
Bathroom Accessories - Toothbrush Holder,7400,6100,28.7879,,1
Bathroom Accessories - Soap Dish Installation,7400,6100,28.7879,,1
Bathroom Accessories - Grab Bar,7400,6100,28.7879,,1
Bathroom Accessories - Shower Rod Installation,7400,6100,28.7879,,1
Bathroom Accessories - Towel Rack,7400,6100,28.7879,,1
Bathroom Accessories - Medicine Cabinet,10400,9100,28.4946,,1.5
Bathroom Accessories - Heated Mirror,15900,14600,24.8299,,2.5
Bathroom Accessories - Shower Glass Panel (Up To 1m),18900,17600,25.2874,,3
Attach Headboard,6900,5600,21.2121,,1
Blinds Installation - Roller (Up To 3m),7400,6100,28.7879,,1
Blinds Installation - Vertical (Up To 3m),8900,7600,24.9392,,1.3
Blinds Installation - Venetian (Up To 3m),10400,9100,28.4946,,1.5
Blinds Installation - Roman (Up To 3m),12900,11600,24.1667,,2
Velux/Skylight Blind Installation (easy access),8900,7600,24.9392,,1.3
Velux/Skylight Blind Installation (ladder needed),11400,10100,21.0623,,1.8
Curtain Installation - Rod (Up To 1.5m),7400,6100,28.7879,,1
Curtain Installation - 2 Rods (Up To 1.5m each),10400,9100,28.4946,,1.5
Curtain Installation - 3 Rods (Up To 1.5m each),13400,12100,28.3333,,2
Curtain Installation - 4 Rods (Up To 1.5m each),16400,15100,28.2313,,2.5
Curtain Installation - 5 Rods (Up To 1.5m each),19400,18100,28.1609,,3
Curtain Installation - Rod (Up To 3m),9900,8500,29.6804,,1.4
Curtain Installation - 2 Rods (Up To 3m each),12900,11500,29.2321,,1.9
Curtain Installation - 3 Rods (Up To 3m each),15900,14600,28.9548,,2.4
Curtain Installation - 4 Rods (Up To 3m each),18900,17600,28.7663,,2.9
Curtain Installation - 5 Rods (Up To 3m each),21900,20600,28.6299,,3.4
Electric Blind Installation (battery/solar blinds),9400,8100,23.9726,,1.4
Install a wall-mounted coat rack,5900,4800,6.0606,,1
Door Hardware Installation - Knocker,7400,6100,28.7879,,1
Door Hardware Installation - Peephole,7400,6100,28.7879,,1
Smart Doorbell Installation,7400,6100,28.7879,,1
Outdoor Fixtures - Clothesline (Retractable),7400,6100,28.7879,,1
Outdoor Fixtures - Clothesline (Wall-Mounted),7400,6100,28.7879,,1
Install Loft Ladder,18400,17100,22.4138,,3
Mirror Hanging - Small (Up To 1m),7400,6100,28.7879,,1
Mirror Hanging - Large (Up To 2m),10400,9100,28.4946,,1.5
Picture Hanging - Single Frame (Up To 1m²),7400,6100,28.7879,,1
Picture Hanging - Multiple Frames (Up To 5 Items),10400,9100,28.4946,,1.5
Picture Hanging - Oversized Artwork (Up To 3m²),12900,11600,24.1667,,2
Picture Hanging - Gallery Wall (Up To 10 Items),15900,14600,24.8299,,2.5
Safety Devices - Install Smoke/CO Alarm (Battery),7400,6100,28.7879,,1
Shelving Units - Corner Shelves (Up To 3),10900,9600,27.439,,1.6
Shelving Units - Corner Shelves (Up To 6),15900,14600,28.9548,,2.4
Shelving Units - Floating Shelves (Up To 3),10900,9600,27.439,,1.6
Shelving Units - Floating Shelves (Up To 6),15900,14600,28.9548,,2.4
Shelving Installation - Up To 3 Shelves,6900,5600,21.2121,,1
Shelving Installation - Corner Shelf,6900,5600,21.2121,,1
Shelving Installation - Up To 6 Shelves,10900,9600,27.439,,1.6
Shelving Unit Installation - Up To 1m x 0.5m,6900,5600,21.2121,,1
Shelving Unit Installation -  Up To 3m x 1.5m,12900,11600,24.1667,,2
Single Stair Gate Install (Wall Fix),7400,6100,28.7879,,1
Single Stair Gate Install (Pressure Fit),7400,6100,28.7879,,1
Two Stair Gates Install,9400,8000,31.0219,,1.3
Key safe (lock box) installation,6400,5200,13.6364,,1
Storage Solutions - Wall Hooks (Up To 5),6900,5600,21.2121,,1
Storage Solutions - Pegboard,6900,5600,21.2121,,1
Storage Solutions - Bike Rack,10400,9100,28.4946,,1.5
TV Accessories - Wall-Mounted Soundbar,6900,5600,21.2121,,1
"TV Mounting - Small TV (Up To 48"""")",6900,5600,21.2121,,1
"TV Mounting - Large TV (Up To 100"""")",10400,9100,28.4946,,1.5
Electric Shower Installation,21900,20600,22.7713,,3.6
Mixer Shower Installation,21900,20600,22.7713,,3.6
Thermostatic Shower Installation,21900,20600,22.7713,,3.6
Power Shower Installation,35400,34100,22.0238,,6
Electric Shower Unit Replacement,19400,18100,24.8049,,3.1
